CREATE DATABASE  IF NOT EXISTS `hongjie` /*!40100 DEFAULT CHARACTER SET utf8 */;
USE `hongjie`;
-- MySQL dump 10.13  Distrib 5.6.13, for Win32 (x86)
--
-- Host: localhost    Database: hongjie
-- ------------------------------------------------------
-- Server version	5.6.17

/*!40101 SET @OLD_CHARACTER_SET_CLIENT=@@CHARACTER_SET_CLIENT */;
/*!40101 SET @OLD_CHARACTER_SET_RESULTS=@@CHARACTER_SET_RESULTS */;
/*!40101 SET @OLD_COLLATION_CONNECTION=@@COLLATION_CONNECTION */;
/*!40101 SET NAMES utf8 */;
/*!40103 SET @OLD_TIME_ZONE=@@TIME_ZONE */;
/*!40103 SET TIME_ZONE='+00:00' */;
/*!40014 SET @OLD_UNIQUE_CHECKS=@@UNIQUE_CHECKS, UNIQUE_CHECKS=0 */;
/*!40014 SET @OLD_FOREIGN_KEY_CHECKS=@@FOREIGN_KEY_CHECKS, FOREIGN_KEY_CHECKS=0 */;
/*!40101 SET @OLD_SQL_MODE=@@SQL_MODE, SQL_MODE='NO_AUTO_VALUE_ON_ZERO' */;
/*!40111 SET @OLD_SQL_NOTES=@@SQL_NOTES, SQL_NOTES=0 */;

--
-- Table structure for table `databasechangelog`
--

DROP TABLE IF EXISTS `databasechangelog`;
/*!40101 SET @saved_cs_client     = @@character_set_client */;
/*!40101 SET character_set_client = utf8 */;
CREATE TABLE `databasechangelog` (
  `ID` varchar(255) NOT NULL,
  `AUTHOR` varchar(255) NOT NULL,
  `FILENAME` varchar(255) NOT NULL,
  `DATEEXECUTED` datetime NOT NULL,
  `ORDEREXECUTED` int(11) NOT NULL,
  `EXECTYPE` varchar(10) NOT NULL,
  `MD5SUM` varchar(35) DEFAULT NULL,
  `DESCRIPTION` varchar(255) DEFAULT NULL,
  `COMMENTS` varchar(255) DEFAULT NULL,
  `TAG` varchar(255) DEFAULT NULL,
  `LIQUIBASE` varchar(20) DEFAULT NULL,
  `CONTEXTS` varchar(255) DEFAULT NULL,
  `LABELS` varchar(255) DEFAULT NULL
) ENGINE=InnoDB DEFAULT CHARSET=utf8;
/*!40101 SET character_set_client = @saved_cs_client */;

--
-- Dumping data for table `databasechangelog`
--

LOCK TABLES `databasechangelog` WRITE;
/*!40000 ALTER TABLE `databasechangelog` DISABLE KEYS */;
INSERT INTO `databasechangelog` VALUES ('00000000000001','jhipster','classpath:config/liquibase/changelog/00000000000000_initial_schema.xml','2015-11-20 16:10:35',1,'EXECUTED','7:db3ea54c411eee3e3a699d954d8ce557','createTable, createIndex (x2), createTable (x2), addPrimaryKey, createTable, addForeignKeyConstraint (x3), loadData, dropDefaultValue, loadData (x2), createTable (x2), addPrimaryKey, createIndex (x2), addForeignKeyConstraint','',NULL,'3.4.1',NULL,NULL),('20151120074754','jhipster','classpath:config/liquibase/changelog/20151120074754_added_entity_Dictionary.xml','2015-11-20 16:10:40',2,'EXECUTED','7:5126f2ff161838342f30fe1cb7241e90','createTable','',NULL,'3.4.1',NULL,NULL);
/*!40000 ALTER TABLE `databasechangelog` ENABLE KEYS */;
UNLOCK TABLES;

--
-- Table structure for table `databasechangeloglock`
--

DROP TABLE IF EXISTS `databasechangeloglock`;
/*!40101 SET @saved_cs_client     = @@character_set_client */;
/*!40101 SET character_set_client = utf8 */;
CREATE TABLE `databasechangeloglock` (
  `ID` int(11) NOT NULL,
  `LOCKED` bit(1) NOT NULL,
  `LOCKGRANTED` datetime DEFAULT NULL,
  `LOCKEDBY` varchar(255) DEFAULT NULL,
  PRIMARY KEY (`ID`)
) ENGINE=InnoDB DEFAULT CHARSET=utf8;
/*!40101 SET character_set_client = @saved_cs_client */;

--
-- Dumping data for table `databasechangeloglock`
--

LOCK TABLES `databasechangeloglock` WRITE;
/*!40000 ALTER TABLE `databasechangeloglock` DISABLE KEYS */;
INSERT INTO `databasechangeloglock` VALUES (1,'\0',NULL,NULL);
/*!40000 ALTER TABLE `databasechangeloglock` ENABLE KEYS */;
UNLOCK TABLES;

--
-- Table structure for table `dictionary`
--

DROP TABLE IF EXISTS `dictionary`;
/*!40101 SET @saved_cs_client     = @@character_set_client */;
/*!40101 SET character_set_client = utf8 */;
CREATE TABLE `dictionary` (
  `id` bigint(20) NOT NULL AUTO_INCREMENT,
  `identifer` varchar(255) DEFAULT NULL,
  `ovalue` varchar(255) DEFAULT NULL,
  `description` varchar(255) DEFAULT NULL,
  PRIMARY KEY (`id`)
) ENGINE=InnoDB AUTO_INCREMENT=3 DEFAULT CHARSET=utf8;
/*!40101 SET character_set_client = @saved_cs_client */;

--
-- Dumping data for table `dictionary`
--

LOCK TABLES `dictionary` WRITE;
/*!40000 ALTER TABLE `dictionary` DISABLE KEYS */;
INSERT INTO `dictionary` VALUES (1,'Level','level 1','等级1'),(2,'Level','level 2','等级 2');
/*!40000 ALTER TABLE `dictionary` ENABLE KEYS */;
UNLOCK TABLES;

--
-- Table structure for table `jhi_authority`
--

DROP TABLE IF EXISTS `jhi_authority`;
/*!40101 SET @saved_cs_client     = @@character_set_client */;
/*!40101 SET character_set_client = utf8 */;
CREATE TABLE `jhi_authority` (
  `name` varchar(50) NOT NULL,
  PRIMARY KEY (`name`)
) ENGINE=InnoDB DEFAULT CHARSET=utf8;
/*!40101 SET character_set_client = @saved_cs_client */;

--
-- Dumping data for table `jhi_authority`
--

LOCK TABLES `jhi_authority` WRITE;
/*!40000 ALTER TABLE `jhi_authority` DISABLE KEYS */;
INSERT INTO `jhi_authority` VALUES ('ROLE_ADMIN'),('ROLE_USER');
/*!40000 ALTER TABLE `jhi_authority` ENABLE KEYS */;
UNLOCK TABLES;

--
-- Table structure for table `jhi_persistent_audit_event`
--

DROP TABLE IF EXISTS `jhi_persistent_audit_event`;
/*!40101 SET @saved_cs_client     = @@character_set_client */;
/*!40101 SET character_set_client = utf8 */;
CREATE TABLE `jhi_persistent_audit_event` (
  `event_id` bigint(20) NOT NULL AUTO_INCREMENT,
  `principal` varchar(255) NOT NULL,
  `event_date` timestamp NULL DEFAULT NULL,
  `event_type` varchar(255) DEFAULT NULL,
  PRIMARY KEY (`event_id`),
  KEY `idx_persistent_audit_event` (`principal`,`event_date`)
) ENGINE=InnoDB AUTO_INCREMENT=5 DEFAULT CHARSET=utf8;
/*!40101 SET character_set_client = @saved_cs_client */;

--
-- Dumping data for table `jhi_persistent_audit_event`
--

LOCK TABLES `jhi_persistent_audit_event` WRITE;
/*!40000 ALTER TABLE `jhi_persistent_audit_event` DISABLE KEYS */;
INSERT INTO `jhi_persistent_audit_event` VALUES (1,'admin','2015-11-20 08:10:51','AUTHENTICATION_SUCCESS'),(2,'admin','2015-11-20 08:10:51','AUTHENTICATION_SUCCESS'),(3,'admin','2015-11-20 08:10:51','AUTHENTICATION_SUCCESS'),(4,'admin','2015-11-20 08:25:57','AUTHENTICATION_SUCCESS');
/*!40000 ALTER TABLE `jhi_persistent_audit_event` ENABLE KEYS */;
UNLOCK TABLES;

--
-- Table structure for table `jhi_persistent_audit_evt_data`
--

DROP TABLE IF EXISTS `jhi_persistent_audit_evt_data`;
/*!40101 SET @saved_cs_client     = @@character_set_client */;
/*!40101 SET character_set_client = utf8 */;
CREATE TABLE `jhi_persistent_audit_evt_data` (
  `event_id` bigint(20) NOT NULL,
  `name` varchar(255) NOT NULL,
  `value` varchar(255) DEFAULT NULL,
  PRIMARY KEY (`event_id`,`name`),
  KEY `idx_persistent_audit_evt_data` (`event_id`),
  CONSTRAINT `fk_evt_pers_audit_evt_data` FOREIGN KEY (`event_id`) REFERENCES `jhi_persistent_audit_event` (`event_id`)
) ENGINE=InnoDB DEFAULT CHARSET=utf8;
/*!40101 SET character_set_client = @saved_cs_client */;

--
-- Dumping data for table `jhi_persistent_audit_evt_data`
--

LOCK TABLES `jhi_persistent_audit_evt_data` WRITE;
/*!40000 ALTER TABLE `jhi_persistent_audit_evt_data` DISABLE KEYS */;
INSERT INTO `jhi_persistent_audit_evt_data` VALUES (1,'remoteAddress','0:0:0:0:0:0:0:1'),(1,'sessionId','5E8D2AADD98C07A7C5CC39AC1C4A38C3'),(2,'remoteAddress','0:0:0:0:0:0:0:1'),(2,'sessionId','5E8D2AADD98C07A7C5CC39AC1C4A38C3'),(3,'remoteAddress','0:0:0:0:0:0:0:1'),(3,'sessionId','5E8D2AADD98C07A7C5CC39AC1C4A38C3'),(4,'remoteAddress','0:0:0:0:0:0:0:1'),(4,'sessionId','11434CD6E51B4AFBE8B90BB1BDB91B7F');
/*!40000 ALTER TABLE `jhi_persistent_audit_evt_data` ENABLE KEYS */;
UNLOCK TABLES;

--
-- Table structure for table `jhi_persistent_token`
--

DROP TABLE IF EXISTS `jhi_persistent_token`;
/*!40101 SET @saved_cs_client     = @@character_set_client */;
/*!40101 SET character_set_client = utf8 */;
CREATE TABLE `jhi_persistent_token` (
  `series` varchar(255) NOT NULL,
  `user_id` bigint(20) DEFAULT NULL,
  `token_value` varchar(255) NOT NULL,
  `token_date` date DEFAULT NULL,
  `ip_address` varchar(39) DEFAULT NULL,
  `user_agent` varchar(255) DEFAULT NULL,
  PRIMARY KEY (`series`),
  KEY `fk_user_persistent_token` (`user_id`),
  CONSTRAINT `fk_user_persistent_token` FOREIGN KEY (`user_id`) REFERENCES `jhi_user` (`id`)
) ENGINE=InnoDB DEFAULT CHARSET=utf8;
/*!40101 SET character_set_client = @saved_cs_client */;

--
-- Dumping data for table `jhi_persistent_token`
--

LOCK TABLES `jhi_persistent_token` WRITE;
/*!40000 ALTER TABLE `jhi_persistent_token` DISABLE KEYS */;
INSERT INTO `jhi_persistent_token` VALUES ('WOxAOMtoqN0JDRP6IMux/Q==',3,'GBLBp413GZlPJ+0i4b0e6A==','2015-11-20','0:0:0:0:0:0:0:1','Mozilla/5.0 (Windows NT 6.1; Win64; x64) AppleWebKit/537.36 (KHTML, like Gecko) Chrome/46.0.2490.86 Safari/537.36');
/*!40000 ALTER TABLE `jhi_persistent_token` ENABLE KEYS */;
UNLOCK TABLES;

--
-- Table structure for table `jhi_user`
--

DROP TABLE IF EXISTS `jhi_user`;
/*!40101 SET @saved_cs_client     = @@character_set_client */;
/*!40101 SET character_set_client = utf8 */;
CREATE TABLE `jhi_user` (
  `id` bigint(20) NOT NULL AUTO_INCREMENT,
  `login` varchar(50) NOT NULL,
  `PASSWORD` varchar(60) DEFAULT NULL,
  `first_name` varchar(50) DEFAULT NULL,
  `last_name` varchar(50) DEFAULT NULL,
  `email` varchar(100) DEFAULT NULL,
  `activated` bit(1) NOT NULL,
  `lang_key` varchar(5) DEFAULT NULL,
  `activation_key` varchar(20) DEFAULT NULL,
  `reset_key` varchar(20) DEFAULT NULL,
  `created_by` varchar(50) NOT NULL,
  `created_date` timestamp NOT NULL,
  `reset_date` timestamp NULL DEFAULT NULL,
  `last_modified_by` varchar(50) DEFAULT NULL,
  `last_modified_date` timestamp NULL DEFAULT NULL,
  PRIMARY KEY (`id`),
  UNIQUE KEY `login` (`login`),
  UNIQUE KEY `idx_user_login` (`login`),
  UNIQUE KEY `email` (`email`),
  UNIQUE KEY `idx_user_email` (`email`)
) ENGINE=InnoDB AUTO_INCREMENT=5 DEFAULT CHARSET=utf8;
/*!40101 SET character_set_client = @saved_cs_client */;

--
-- Dumping data for table `jhi_user`
--

LOCK TABLES `jhi_user` WRITE;
/*!40000 ALTER TABLE `jhi_user` DISABLE KEYS */;
INSERT INTO `jhi_user` VALUES (1,'system','$2a$10$mE.qmcV0mFU5NcKh73TZx.z4ueI/.bDWbj0T1BYyqP481kGGarKLG','System','System','system@localhost','','en',NULL,NULL,'system','2015-11-20 08:10:31',NULL,NULL,NULL),(2,'anonymousUser','$2a$10$j8S5d7Sr7.8VTOYNviDPOeWX8KcYILUVJBsYV83Y5NtECayypx9lO','Anonymous','User','anonymous@localhost','','en',NULL,NULL,'system','2015-11-20 08:10:31',NULL,NULL,NULL),(3,'admin','$2a$10$gSAhZrxMllrbgj/kkK9UceBPpChGWJA7SYIb1Mqo.n5aNLq1/oRrC','Administrator','Administrator','admin@localhost','','en',NULL,NULL,'system','2015-11-20 08:10:31',NULL,NULL,NULL),(4,'user','$2a$10$VEjxo0jq2YG9Rbk2HmX9S.k1uZBGYUHdUcid3g/vfiEl7lwWgOH/K','User','User','user@localhost','','en',NULL,NULL,'system','2015-11-20 08:10:31',NULL,NULL,NULL);
/*!40000 ALTER TABLE `jhi_user` ENABLE KEYS */;
UNLOCK TABLES;

--
-- Table structure for table `jhi_user_authority`
--

DROP TABLE IF EXISTS `jhi_user_authority`;
/*!40101 SET @saved_cs_client     = @@character_set_client */;
/*!40101 SET character_set_client = utf8 */;
CREATE TABLE `jhi_user_authority` (
  `user_id` bigint(20) NOT NULL,
  `authority_name` varchar(50) NOT NULL,
  PRIMARY KEY (`user_id`,`authority_name`),
  KEY `fk_authority_name` (`authority_name`),
  CONSTRAINT `fk_user_id` FOREIGN KEY (`user_id`) REFERENCES `jhi_user` (`id`),
  CONSTRAINT `fk_authority_name` FOREIGN KEY (`authority_name`) REFERENCES `jhi_authority` (`name`)
) ENGINE=InnoDB DEFAULT CHARSET=utf8;
/*!40101 SET character_set_client = @saved_cs_client */;

--
-- Dumping data for table `jhi_user_authority`
--

LOCK TABLES `jhi_user_authority` WRITE;
/*!40000 ALTER TABLE `jhi_user_authority` DISABLE KEYS */;
INSERT INTO `jhi_user_authority` VALUES (1,'ROLE_ADMIN'),(3,'ROLE_ADMIN'),(1,'ROLE_USER'),(3,'ROLE_USER'),(4,'ROLE_USER');
/*!40000 ALTER TABLE `jhi_user_authority` ENABLE KEYS */;
UNLOCK TABLES;

--
-- Table structure for table `product`
--

DROP TABLE IF EXISTS `product`;
/*!40101 SET @saved_cs_client     = @@character_set_client */;
/*!40101 SET character_set_client = utf8 */;
CREATE TABLE `product` (
  `id` bigint(20) NOT NULL AUTO_INCREMENT,
  `number` varchar(255) DEFAULT NULL,
  `name` varchar(255) DEFAULT NULL,
  `price` decimal(10,0) DEFAULT NULL,
  `produce_date` date DEFAULT NULL,
  `producer` varchar(255) DEFAULT NULL,
  `favorate` varchar(255) DEFAULT NULL,
  `news` varchar(255) DEFAULT NULL,
  `image` varchar(255) DEFAULT NULL,
  PRIMARY KEY (`id`)
) ENGINE=InnoDB AUTO_INCREMENT=2 DEFAULT CHARSET=utf8;
/*!40101 SET character_set_client = @saved_cs_client */;

--
-- Dumping data for table `product`
--

LOCK TABLES `product` WRITE;
/*!40000 ALTER TABLE `product` DISABLE KEYS */;
INSERT INTO `product` VALUES (1,'001','长城干红',20,'2015-11-20','上海','y',NULL,NULL);
/*!40000 ALTER TABLE `product` ENABLE KEYS */;
UNLOCK TABLES;

--
-- Table structure for table `xref`
--

DROP TABLE IF EXISTS `xref`;
/*!40101 SET @saved_cs_client     = @@character_set_client */;
/*!40101 SET character_set_client = utf8 */;
CREATE TABLE `xref` (
  `id` bigint(20) NOT NULL AUTO_INCREMENT,
  `name` varchar(255) DEFAULT NULL,
  `ovalue` varchar(255) DEFAULT NULL,
  `dictionary_id` bigint(20) DEFAULT NULL,
  `product_id` bigint(20) DEFAULT NULL,
  PRIMARY KEY (`id`),
  UNIQUE KEY `dictionary_id` (`dictionary_id`),
  CONSTRAINT `fk_xref_dictionary_id` FOREIGN KEY (`dictionary_id`) REFERENCES `dictionary` (`id`)
) ENGINE=InnoDB AUTO_INCREMENT=2 DEFAULT CHARSET=utf8;
/*!40101 SET character_set_client = @saved_cs_client */;

--
-- Dumping data for table `xref`
--

LOCK TABLES `xref` WRITE;
/*!40000 ALTER TABLE `xref` DISABLE KEYS */;
INSERT INTO `xref` VALUES (1,'level',NULL,2,1);
/*!40000 ALTER TABLE `xref` ENABLE KEYS */;
UNLOCK TABLES;
/*!40103 SET TIME_ZONE=@OLD_TIME_ZONE */;

/*!40101 SET SQL_MODE=@OLD_SQL_MODE */;
/*!40014 SET FOREIGN_KEY_CHECKS=@OLD_FOREIGN_KEY_CHECKS */;
/*!40014 SET UNIQUE_CHECKS=@OLD_UNIQUE_CHECKS */;
/*!40101 SET CHARACTER_SET_CLIENT=@OLD_CHARACTER_SET_CLIENT */;
/*!40101 SET CHARACTER_SET_RESULTS=@OLD_CHARACTER_SET_RESULTS */;
/*!40101 SET COLLATION_CONNECTION=@OLD_COLLATION_CONNECTION */;
/*!40111 SET SQL_NOTES=@OLD_SQL_NOTES */;

-- Dump completed on 2015-11-20 16:58:23
